full_text,stemmed_text
kadiv humas polri irjen polisi sandi nugroho membuka workshop training of trainer polri tahun anggaran workshop tersebut diikuti oleh peserta yang tidak hanya personel mabes polri tetapi juga polda jajaran,kadiv humas polri irjen polisi sandi nugroho buka workshop training trainer polri anggar workshop ikut serta personel mabes polri polda jajar
polisi ada kata generik ini bs diartikan kepada polisi di seluruh dunia kecuali ada penyebutan polisi indonesia atau polri oleh karena itu institusi polri gak usah geer kalo seseorang menyebut polisi itu belum tentu menyebut tentang anda salam,polisi generik arti polisi dunia kecuali sebut polisi indonesia polri institusi polri geer kalo sebut polisi sebut salam
pernyataan tersebut disdanaikan oleh kapolri jenderal polisi dalam acara baksos polri presisi bersama mahasiswa aliansi badan eksekutif mahasiswa bem dan organisasi kemasyarakatan pemuda okp sinergi berbagi kebaikan untuk masyarakat,nyata disdanaikan kapolri jenderal polisi acara baksos polri presisi mahasiswa aliansi badan eksekutif mahasiswa bem organisasi masyarakat pemuda okp sinergi bagi baik masyarakat
cek kebenarannya asean the straits times prabowo subianto polri kapolri kapolda jateng polisi retret magelang bakti penuh humanisme inews tvonenews,cek benar asean the straits times prabowo subianto polri kapolri kapolda jateng polisi retret magelang bakti penuh humanisme inews tvonenews
sobat polri yang mau jadi polisi yuk persiapkan dirimu sekarang juga dan jangan sdanai ketinggalan informasi dan tata cara pendaftaran silahkan kunjungi,sobat polri polisi yuk siap diri sdanai tinggal informasi tata daftar sila kunjung
mewakili kapolsek kerek kanit binmas aiptu aminin bersama forkopimcam hadir dalam kegiatan lintas sektoral triwulan yang di laksanakan oleh puskesmas kerek polri,wakil kapolsek kerek kanit binmas aiptu aminin forkopimcam hadir giat lintas sektoral triwulan laksana puskesmas kerek polri
yang disebut polisi di lagu sukatani itu bukan polisi polri yang sangat kita cintai yang mereka sebut itu polisi republik konoha yang kebetulan kata polisi dalam bahasa konoha ketika diterjemahkan ke bahasa indonesia tetap polisi,polisi lagu sukatani polisi polri cinta polisi republik konoha polisi bahasa konoha terjemah bahasa indonesia polisi
kapolsek merakurak menghadiri kegiatan sosialisasi persyaratan bakal calon perangkat desa di desa tlogowaru kec merakurak polri,kapolsek merakurak hadir giat sosialisasi syarat calon perangkat desa desa tlogowaru kec merakurak polri
kapolri polri polisi,kapolri polri polisi
halo sobat polri terima kasih atas informasinya kami akan segera menindaklanjuti perkara tersebut berkenan bagi korban agar melapor ke kantor polisi terdekat dengan membawa informasi lebih lanjut,halo sobat polri terima kasih informasi menindaklanjuti perkara kenan korban lapor kantor polisi dekat bawa informasi
mantab ndan terus perbaiki citra polri pecat anggota bermasalah masih banyak generasi muda yang baikbaik siap menjadi polisi baik,mantab ndan baik citra polri pecat anggota masalah generasi muda baikbaik polisi
kapolri jenderal polisi drs listyo sigit prabowo memberikan bantuan sosial kepada masyarakat dalam rangka menyambut bulan suci ramadan bantuan sosial diberikan dalam acara baksos polri presisi bersama mahasiswa,kapolri jenderal polisi drs listyo sigit prabowo bantu sosial masyarakat rangka sambut suci ramadan bantu sosial acara baksos polri presisi mahasiswa
pernyataan tersebut disdanaikan oleh kapolri jenderal polisi drs listyo sigit prabowo dalam acara baksos polri presisi bersama mahasiswa jakarta kamis sinergi berbagi kebaikan untuk masyarakat,nyata disdanaikan kapolri jenderal polisi drs listyo sigit prabowo acara baksos polri presisi mahasiswa jakarta kamis sinergi bagi baik masyarakat
kapolri jenderal polisi drs listyo sigit prabowo memberikan bantuan sosial kepada masyarakat dalam rangka menyambut bulan suci ramadan polri peduli dengan masyarakat dengan menggelar,kapolri jenderal polisi drs listyo sigit prabowo bantu sosial masyarakat rangka sambut suci ramadan polri peduli masyarakat gelar
polri menggelar baksos presisi dengan menyalurkan paket sembako kepada masyarakat di polda jajaran bantuan dilepas langsung oleh kapolri jenderal polisi drs listyo sigit prabowo m si bersama panglima tni jenderal tni h agus subiyanto se m si okp aliansi,polri gelar baksos presisi salur paket sembako masyarakat polda jajar bantu lepas langsung kapolri jenderal polisi drs listyo sigit prabowo sih panglima tni jenderal tni agus subiyanto sih okp aliansi
panen raya jagung serentak tahap gugus tugas polri mendukung ketahanan pangan,panen raya jagung serentak tahap gugus tugas polri dukung tahan pangan
polri menggelar baksos presisi dengan menyalurkan paket sembako kepada masyarakat di polda jajaran bantuan dilepas langsung oleh kapolri jenderal polisi drs listyo sigit prabowo bersama panglima tni jenderal tni h agus subiyanto se,polri gelar baksos presisi salur paket sembako masyarakat polda jajar bantu lepas langsung kapolri jenderal polisi drs listyo sigit prabowo panglima tni jenderal tni agus subiyanto
mudik lancar jadi harapan semua berkat upaya maksimal dari pak polisi,mudik lancar harap berkat upaya maksimal polisi
kapolrestabes semarang kombes pol m syahduddi sik terjun langsung membagikan air mineral kepada demonstran menekankan pendekatan empati polisi komitmen pelayanan terbaik polri masyarakat,kapolrestabes semarang kombes pol syahduddi sik terjun langsung bagi air mineral demonstran tekan dekat empati polisi komitmen layan baik polri masyarakat
kapolri jenderal polisi drs listyo sigit prabowo memberikan bantuan sosial kepada masyarakat dalam rangka menyambut bulan suci ramadan bantuan sosial diberikan dalam acara baksos polri presisi bersama mahasiswa,kapolri jenderal polisi drs listyo sigit prabowo bantu sosial masyarakat rangka sambut suci ramadan bantu sosial acara baksos polri presisi mahasiswa
ya betul lapor polisi masih bayar bayar bayar gadan membela yg benar atau membela yg punya uang nihberani ga nih tunjukin hasil kinerja kalian,lapor polisi bayar bayar bayar gadan bela bela uang nihberani nih tunjuk hasil kerja
buat pelajaran buat polisi yang masih hidup jangan semena mena terhadap rakyat kecil karena hidup kalian nggak lama di dunia suatu saat pasti mati dan dimintai pertanggungjawaban didepan tuhan,ajar polisi hidup semena mena rakyat hidup dunia mati pertanggungjawaban depan tuhan
hahahha mati aja kau gausah hidup lagi sekalian semua polisi mati semua,hahahha mati kau hidup polisi mati
sudahlah tidak perlu posting seperti ini lagi kasihan keluarga yang ditinggalkan membaca replyan warga x atau korban dari polisi yuk berbenah,posting kasihan keluarga tinggal baca replyan warga kali korban polisi yuk benah
kagak bakal dikerjain polisi pakk jangan ngimpi,kagak dikerjain polisi pakk mimpi
dah nga muka polisi sama polisi india,deh muka polisi polisi india
ngomong saja kau pandakau coba urusan dgn polisi dgn status kau rakyat jelata sudah pasti habis kau diberdayakan dompetmu dgn institusi ini,omong kau pandakau coba urus polisi status kau rakyat jelata habis kau daya dompet institusi
polisi ga mdanu menjamin keselamatan rakyat,polisi mdanu jamin selamat rakyat
klo lu ga bisa bahasa inggris sini gw terjemahin orang polisi jahat banyak polisi yang di bagian baik tapi kalau polisi baik yg banyak itu gak nangkap polisi jahat mana mungkin mereka baik jadi semua polisi itu bajingan,kalo bahasa inggris gue terjemahin orang polisi jahat polisi polisi nangkap polisi jahat polisi bajing
lagu ini menydanaikan fakta yang sebenarnya tentang polisi kalau masih ada polisi yang tidak bisa menerima dan mengelak lirik lagu ini berarti polisi tersebut tolol,lagu menydanaikan fakta polisi polisi terima elak lirik lagu polisi tolol
